{"cameraMode":{"drawMode":0,"name":"Shaded","section":"Shading Mode"},"sceneLighting":false,"audioPlay":false,"sceneViewState":{"showFog":false,"showMaterialUpdate":false,"showSkybox":true,"showFlares":false,"showImageEffects":true,"showParticleSystems":true},"in2DMode":false,"pivot":{"x":-387.2569274902344,"y":-124.55645751953125,"z":-28.4923095703125},"rotation":{"x":0.10824116319417954,"y":-0.8862999677658081,"z":0.3662070333957672,"w":0.2620088458061218},"size":487.2477111816406,"orthographic":false}