{"cameraMode":{"drawMode":0,"name":"Shaded","section":"Shading Mode"},"sceneLighting":false,"audioPlay":false,"sceneViewState":{"showFog":false,"showMaterialUpdate":false,"showSkybox":true,"showFlares":false,"showImageEffects":true,"showParticleSystems":true},"in2DMode":false,"pivot":{"x":-491.6217041015625,"y":144.08248901367188,"z":6.218536376953125},"rotation":{"x":-0.08543095737695694,"y":0.9114314913749695,"z":-0.24227701127529145,"w":-0.32139700651168826},"size":3168.29736328125,"orthographic":false}