{"cameraMode":{"drawMode":0,"name":"Shaded","section":"Shading Mode"},"sceneLighting":false,"audioPlay":false,"sceneViewState":{"showFog":false,"showMaterialUpdate":false,"showSkybox":true,"showFlares":false,"showImageEffects":true,"showParticleSystems":true},"in2DMode":false,"pivot":{"x":-24.92486572265625,"y":-56.15930938720703,"z":3.1534576416015627},"rotation":{"x":-0.2009785920381546,"y":0.785241425037384,"z":-0.3230634331703186,"w":-0.48850128054618838},"size":799.7124633789063,"orthographic":false}