{"cameraMode":{"drawMode":0,"name":"Shaded","section":"Shading Mode"},"sceneLighting":false,"audioPlay":false,"sceneViewState":{"showFog":false,"showMaterialUpdate":false,"showSkybox":true,"showFlares":false,"showImageEffects":true,"showParticleSystems":true},"in2DMode":false,"pivot":{"x":12.915959358215332,"y":2.9248440265655519,"z":-30.820547103881837},"rotation":{"x":0.0029602712020277979,"y":0.9862072467803955,"z":-0.16453558206558228,"w":0.01773587428033352},"size":13.535964012145996,"orthographic":false}