{"cameraMode":{"drawMode":0,"name":"Shaded","section":"Shading Mode"},"sceneLighting":true,"audioPlay":false,"sceneViewState":{"showFog":false,"showMaterialUpdate":false,"showSkybox":true,"showFlares":false,"showImageEffects":true,"showParticleSystems":true},"in2DMode":false,"pivot":{"x":-95.25759887695313,"y":-49.43497085571289,"z":2.219740152359009},"rotation":{"x":-0.12722012400627137,"y":0.7093026638031006,"z":-0.132598876953125,"w":-0.6805309057235718},"size":193.74476623535157,"orthographic":false}