{"cameraMode":{"drawMode":0,"name":"Shaded","section":"Shading Mode"},"sceneLighting":false,"audioPlay":false,"sceneViewState":{"showFog":false,"showMaterialUpdate":false,"showSkybox":true,"showFlares":false,"showImageEffects":true,"showParticleSystems":true},"in2DMode":false,"pivot":{"x":108.05377197265625,"y":130.7731475830078,"z":-131.5614471435547},"rotation":{"x":0.05427631735801697,"y":-0.23089654743671418,"z":0.012904214672744275,"w":0.9713776111602783},"size":26.760257720947267,"orthographic":false}