{"cameraMode":{"drawMode":0,"name":"Shaded","section":"Shading Mode"},"sceneLighting":true,"audioPlay":false,"sceneViewState":{"showFog":false,"showMaterialUpdate":false,"showSkybox":true,"showFlares":false,"showImageEffects":true,"showParticleSystems":true},"in2DMode":false,"pivot":{"x":-1173.4388427734375,"y":210.5604248046875,"z":198.6118621826172},"rotation":{"x":-0.024013828486204149,"y":0.966002881526947,"z":-0.23826026916503907,"w":-0.09743678569793701},"size":265.84259033203127,"orthographic":false}