{"cameraMode":{"drawMode":0,"name":"Shaded","section":"Shading Mode"},"sceneLighting":false,"audioPlay":false,"sceneViewState":{"showFog":false,"showMaterialUpdate":false,"showSkybox":true,"showFlares":false,"showImageEffects":true,"showParticleSystems":true},"in2DMode":false,"pivot":{"x":-474.43084716796877,"y":-408.2982177734375,"z":24.794342041015626},"rotation":{"x":-0.19141048192977906,"y":0.6977775692939758,"z":-0.20241005718708039,"w":-0.659923255443573},"size":1181.1715087890625,"orthographic":false}