{"cameraMode":{"drawMode":0,"name":"Shaded","section":"Shading Mode"},"sceneLighting":false,"audioPlay":false,"sceneViewState":{"showFog":false,"showMaterialUpdate":false,"showSkybox":true,"showFlares":false,"showImageEffects":true,"showParticleSystems":true},"in2DMode":false,"pivot":{"x":-608.5948486328125,"y":-11.861988067626954,"z":35.788482666015628},"rotation":{"x":-0.001278461772017181,"y":-0.9352491497993469,"z":0.3539721965789795,"w":-0.003335805144160986},"size":121.10060119628906,"orthographic":false}