{"cameraMode":{"drawMode":0,"name":"Shaded","section":"Shading Mode"},"sceneLighting":false,"audioPlay":false,"sceneViewState":{"showFog":false,"showMaterialUpdate":false,"showSkybox":true,"showFlares":false,"showImageEffects":true,"showParticleSystems":true},"in2DMode":false,"pivot":{"x":-451.33319091796877,"y":53.4007568359375,"z":33.70819091796875},"rotation":{"x":0.01576426811516285,"y":-0.9419217705726624,"z":0.33246928453445437,"w":0.044711850583553317},"size":561.827392578125,"orthographic":false}